Workbook

Sheet Sheet1
B1: G层九州厅餐位排布
B2: 序号 | C2: 姓名 | D2: 部门 | E2: 工号
B3: 九州厅1号桌 | C3: 左怡凯 | D3: OTC事业部 | E3: 2017070607
C4: 吴睿 | D4: OTC事业部 | E4: 2024120204
C5: 谭彦 | D5: OTC事业部 | E5: 2023021602
C6: 张龙 | D6: OTC事业部 | E6: 2025011305
C7: 韦晓晖 | D7: OTC事业部 | E7: 2025010201
C8: 曾放 | D8: OTC事业部 | E8: 2024022903
C9: 吴亮军 | D9: OTC事业部 | E9: 2024110106
C10: 喻建华 | D10: OTC事业部 | E10: 2018122404
C11: 杨帆 | D11: OTC事业部 | E11: 2021062301
C12: 刘珊 | D12: OTC事业部 | E12: 2007100801
B14: 九州厅2号桌 | C14: 金超 | D14: OTC事业部 | E14: 2025062431
C15: 黄朝立 | D15: OTC事业部 | E15: 2024080112
C16: 李鹏 | D16: OTC事业部 | E16: 2023101304
C17: 宋有华 | D17: OTC事业部 | E17: 2022090104
C18: 张梦南 | D18: OTC事业部 | E18: 2022070502
C19: 徐诗敏 | D19: OTC事业部 | E19: 2022021404
C20: 孙帅忠 | D20: OTC事业部 | E20: 2019031102
C21: 张守鹤 | D21: OTC事业部 | E21: 2025081803
C22: 王冬 | D22: OTC事业部 | E22: 2024010217
C23: 何慧娜 | D23: OTC事业部 | E23: 2023090502
B25: 九州厅3号桌 | C25: 王毅 | D25: OTC事业部 | E25: 2022101204
C26: 罗绮 | D26: OTC事业部 | E26: 2022072701
C27: 杨战利 | D27: OTC事业部 | E27: 2022072504
C28: 卿浩 | D28: OTC事业部 | E28: 2022041402
C29: 陈为潘 | D29: OTC事业部 | E29: 2022021114
C30: 张喜良 | D30: OTC事业部 | E30: 2019031503
C31: 沈志强 | D31: OTC事业部 | E31: 2023070303
C32: 和宝 | D32: OTC事业部 | E32: 2025090203
C33: 吴利亮 | D33: OTC事业部 | E33: 2025071602
C34: 陈吉 | D34: OTC事业部 | E34: 2025030312
B36: 九州厅4号桌 | C36: 王盛钟 | D36: OTC事业部 | E36: 2024012202
C37: 张星星 | D37: OTC事业部 | E37: 2021080101
C38: 李新美 | D38: OTC事业部 | E38: 2021040902
C39: 唐女锦 | D39: OTC事业部 | E39: 92025092203
C40: 吴雪微 | D40: OTC事业部 | E40: 92025090105
C41: 龚彪 | D41: OTC事业部 | E41: 2025082702
C42: 向柱 | D42: OTC事业部 | E42: 2024101503
C43: 彭天佑 | D43: OTC事业部 | E43: 2024062511
C44: 唐清 | D44: OTC事业部 | E44: 2022070104
C45: 赵松风 | D45: OTC事业部 | E45: 2022041101
B47: 九州厅5号桌 | C47: 张源浩 | D47: OTC事业部 | E47: 2025120103
C48: 付永梅 | D48: OTC事业部 | E48: 2025070714
C49: 孟娅如 | D49: OTC事业部 | E49: 2025032406
C50: 李柱 | D50: OTC事业部 | E50: 2025030319
C51: 李仁琼 | D51: OTC事业部 | E51: 2025030101
C52: 刘逸尘 | D52: OTC事业部 | E52: 2024091906
C53: 肖宇洋 | D53: OTC事业部 | E53: 2024091905
C54: 蔡金兰 | D54: OTC事业部 | E54: 2024050620
C55: 叶伟成 | D55: 九典医药 | E55: 2024092302
C56: 段瑞兰 | D56: OTC事业部 | E56: 2024040812
B58: 九州厅6号桌 | C58: 文妍 | D58: OTC事业部 | E58: 2024010214
C59: 吴任远 | D59: OTC事业部 | E59: 2023110112
C60: 王思腾 | D60: OTC事业部 | E60: 2023082202
C61: 王嘉乐 | D61: OTC事业部 | E61: 2023081406
C62: 黄辉煌 | D62: OTC事业部 | E62: 2023080205
C63: 熊晴 | D63: OTC事业部 | E63: 2023080204
C64: 刘静 | D64: OTC事业部 | E64: 2023061204
C65: 易佳 | D65: OTC事业部 | E65: 2022071106
C66: 杨明 | D66: OTC事业部 | E66: 2021090606
C67: 陈建明 | D67: OTC事业部 | E67: 92025092501
B69: 九州厅7号桌 | C69: 查耀 | D69: OTC事业部 | E69: 2025091605
C70: 金胜鹏 | D70: OTC事业部 | E70: 92025090109
C71: 孙孝有 | D71: OTC事业部 | E71: 2024042403
C72: 刘长城 | D72: OTC事业部 | E72: 2022011301
C73: 徐小龙 | D73: OTC事业部 | E73: 2022011201
C74: 单强 | D74: OTC事业部 | E74: 2022010102
C75: 赵素红 | D75: OTC事业部 | E75: 2020060105
C76: 丁爱华 | D76: OTC事业部 | E76: 92025101602
C77: 王璐璐 | D77: OTC事业部 | E77: 92025101601
C78: 杨子旺 | D78: OTC事业部 | E78: 2025101007
B80: 九州厅8号桌 | C80: 郭姣 | D80: OTC事业部 | E80: 92025090801
C81: 梁飞飞 | D81: OTC事业部 | E81: 2023110710
C82: 来梦科 | D82: OTC事业部 | E82: 2023110709
C83: 陈珍玥 | D83: OTC事业部 | E83: 2025070720
C84: 谭菲翼 | D84: OTC事业部 | E84: 2025070711
C85: 邹吉姿 | D85: OTC事业部 | E85: 2025070707
C86: 朱炳翰 | D86: OTC事业部 | E86: 2025070705
C87: 焦康倬 | D87: OTC事业部 | E87: 2024081205
C88: 王志东 | D88: OTC事业部 | E88: 2024011904
C89: 林星宇 | D89: OTC事业部 | E89: 2025051905
B91: 九州厅9号桌 | C91: 邹星 | D91: OTC事业部 | E91: 2024111506
C92: 曹萱 | D92: OTC事业部 | E92: 2025070716
C93: 黄依依 | D93: OTC事业部 | E93: 2025070712
C94: 樊涛 | D94: OTC事业部 | E94: 2025060313
C95: 唐慈蓉 | D95: OTC事业部 | E95: 2025060312
C96: 贺玟玟 | D96: OTC事业部 | E96: 2025060311
C97: 曾宏志 | D97: OTC事业部 | E97: 2025060308
C98: 宋毅龙 | D98: OTC事业部 | E98: 2025060304
C99: 潘涛 | D99: OTC事业部 | E99: 2023102703
C100: 邹泉 | D100: OTC事业部 | E100: 2024121904
B102: 九州厅10号桌 | C102: 唐微 | D102: OTC事业部 | E102: 2024090303
C103: 朱波 | D103: OTC事业部 | E103: 2024072204
C104: 付灿 | D104: OTC事业部 | E104: 2024061706
C105: 周子琪 | D105: OTC事业部 | E105: 2023101705
C106: 张强 | D106: OTC事业部 | E106: 2024080904
C107: 樊慧 | D107: OTC事业部 | E107: 2025060310
C108: 孙思思 | D108: OTC事业部 | E108: 2025060307
C109: 谢祖贤 | D109: OTC事业部 | E109: 2025060306
...
